id,isResult,h,a,goals,xG,datetime,forecast,home_id,away_id,home_team,away_team,home_goals,away_goals,home_xg,away_xg,is_draw,home_win,away_win
22275,True,"{'id': '92', 'title': 'Burnley', 'short_title': 'BUR'}","{'id': '88', 'title': 'Manchester City', 'short_title': 'MCI'}","{'h': '0', 'a': '3'}","{'h': '0.311032', 'a': '2.40074'}",2023-08-11 19:00:00,"{'w': '0.0177', 'd': '0.0854', 'l': '0.8969'}",92,88,Burnley,Manchester City,0,3,0.311032,2.40074,False,False,True
22276,True,"{'id': '83', 'title': 'Arsenal', 'short_title': 'ARS'}","{'id': '249', 'title': 'Nottingham Forest', 'short_title': 'NOT'}","{'h': '2', 'a': '1'}","{'h': '0.84262', 'a': '0.966305'}",2023-08-12 11:30:00,"{'w': '0.2797', 'd': '0.3363', 'l': '0.384'}",83,249,Arsenal,Nottingham Forest,2,1,0.84262,0.966305,False,True,False
22277,True,"{'id': '73', 'title': 'Bournemouth', 'short_title': 'BOU'}","{'id': '81', 'title': 'West Ham', 'short_title': 'WHU'}","{'h': '1', 'a': '1'}","{'h': '1.51025', 'a': '1.4834'}",2023-08-12 14:00:00,"{'w': '0.3559', 'd': '0.3169', 'l': '0.3272'}",73,81,Bournemouth,West Ham,1,1,1.51025,1.4834,True,False,False
22278,True,"{'id': '220', 'title': 'Brighton', 'short_title': 'BRI'}","{'id': '256', 'title': 'Luton', 'short_title': 'LUT'}","{'h': '4', 'a': '1'}","{'h': '4.36748', 'a': '1.88594'}",2023-08-12 14:00:00,"{'w': '0.879', 'd': '0.0876', 'l': '0.0334'}",220,256,Brighton,Luton,4,1,4.36748,1.88594,False,True,False
22279,True,"{'id': '72', 'title': 'Everton', 'short_title': 'EVE'}","{'id': '228', 'title': 'Fulham', 'short_title': 'FLH'}","{'h': '0', 'a': '1'}","{'h': '2.59001', 'a': '1.58144'}",2023-08-12 14:00:00,"{'w': '0.6371', 'd': '0.1989', 'l': '0.164'}",72,228,Everton,Fulham,0,1,2.59001,1.58144,False,False,True
22280,True,"{'id': '238', 'title': 'Sheffield United', 'short_title': 'SHE'}","{'id': '78', 'title': 'Crystal Palace', 'short_title': 'CRY'}","{'h': '0', 'a': '1'}","{'h': '0.422704', 'a': '2.27616'}",2023-08-12 14:00:00,"{'w': '0.0358', 'd': '0.1179', 'l': '0.8463'}",238,78,Sheffield United,Crystal Palace,0,1,0.422704,2.27616,False,False,True
22281,True,"{'id': '86', 'title': 'Newcastle United', 'short_title': 'NEW'}","{'id': '71', 'title': 'Aston Villa', 'short_title': 'AVL'}","{'h': '5', 'a': '1'}","{'h': '4.32208', 'a': '1.486'}",2023-08-12 16:30:00,"{'w': '0.8987', 'd': '0.0665', 'l': '0.0348'}",86,71,Newcastle United,Aston Villa,5,1,4.32208,1.486,False,True,False
22282,True,"{'id': '244', 'title': 'Brentford', 'short_title': 'BRE'}","{'id': '82', 'title': 'Tottenham', 'short_title': 'TOT'}","{'h': '2', 'a': '2'}","{'h': '1.90756', 'a': '1.45316'}",2023-08-13 13:00:00,"{'w': '0.4985', 'd': '0.2608', 'l': '0.2407'}",244,82,Brentford,Tottenham,2,2,1.90756,1.45316,True,False,False
22283,True,"{'id': '80', 'title': 'Chelsea', 'short_title': 'CHE'}","{'id': '87', 'title': 'Liverpool', 'short_title': 'LIV'}","{'h': '1', 'a': '1'}","{'h': '1.93258', 'a': '1.29994'}",2023-08-13 15:30:00,"{'w': '0.5323', 'd': '0.2472', 'l': '0.2205'}",80,87,Chelsea,Liverpool,1,1,1.93258,1.29994,True,False,False
22284,True,"{'id': '89', 'title': 'Manchester United', 'short_title': 'MUN'}","{'id': '229', 'title': 'Wolverhampton Wanderers', 'short_title': 'WOL'}","{'h': '1', 'a': '0'}","{'h': '1.97087', 'a': '1.72228'}",2023-08-14 19:00:00,"{'w': '0.4419', 'd': '0.2505', 'l': '0.3076'}",89,229,Manchester United,Wolverhampton Wanderers,1,0,1.97087,1.72228,False,True,False
22285,True,"{'id': '249', 'title': 'Nottingham Forest', 'short_title': 'NOT'}","{'id': '238', 'title': 'Sheffield United', 'short_title': 'SHE'}","{'h': '2', 'a': '1'}","{'h': '1.37181', 'a': '0.551038'}",2023-08-18 18:45:00,"{'w': '0.5965', 'd': '0.2786', 'l': '0.1249'}",249,238,Nottingham Forest,Sheffield United,2,1,1.37181,0.551038,False,True,False
22286,True,"{'id': '229', 'title': 'Wolverhampton Wanderers', 'short_title': 'WOL'}","{'id': '220', 'title': 'Brighton', 'short_title': 'BRI'}","{'h': '1', 'a': '4'}","{'h': '2.68821', 'a': '3.15562'}",2023-08-19 14:00:00,"{'w': '0.3046', 'd': '0.2057', 'l': '0.4897'}",229,220,Wolverhampton Wanderers,Brighton,1,4,2.68821,3.15562,False,False,True
22287,True,"{'id': '228', 'title': 'Fulham', 'short_title': 'FLH'}","{'id': '244', 'title': 'Brentford', 'short_title': 'BRE'}","{'h': '0', 'a': '3'}","{'h': '0.399899', 'a': '3.46888'}",2023-08-19 14:00:00,"{'w': '0.005', 'd': '0.0284', 'l': '0.9666'}",228,244,Fulham,Brentford,0,3,0.399899,3.46888,False,False,True
22288,True,"{'id': '87', 'title': 'Liverpool', 'short_title': 'LIV'}","{'id': '73', 'title': 'Bournemouth', 'short_title': 'BOU'}","{'h': '3', 'a': '1'}","{'h': '3.25448', 'a': '1.3867'}",2023-08-19 14:00:00,"{'w': '0.8032', 'd': '0.1308', 'l': '0.066'}",87,73,Liverpool,Bournemouth,3,1,3.25448,1.3867,False,True,False
22290,True,"{'id': '82', 'title': 'Tottenham', 'short_title': 'TOT'}","{'id': '89', 'title': 'Manchester United', 'short_title': 'MUN'}","{'h': '2', 'a': '0'}","{'h': '2.53904', 'a': '2.44604'}",2023-08-19 16:30:00,"{'w': '0.4211', 'd': '0.2102', 'l': '0.3687'}",82,89,Tottenham,Manchester United,2,0,2.53904,2.44604,False,True,False
22291,True,"{'id': '88', 'title': 'Manchester City', 'short_title': 'MCI'}","{'id': '86', 'title': 'Newcastle United', 'short_title': 'NEW'}","{'h': '1', 'a': '0'}","{'h': '1.22528', 'a': '0.257154'}",2023-08-19 19:00:00,"{'w': '0.6449', 'd': '0.2857', 'l': '0.0694'}",88,86,Manchester City,Newcastle United,1,0,1.22528,0.257154,False,True,False
22292,True,"{'id': '71', 'title': 'Aston Villa', 'short_title': 'AVL'}","{'id': '72', 'title': 'Everton', 'short_title': 'EVE'}","{'h': '4', 'a': '0'}","{'h': '3.24336', 'a': '0.721465'}",2023-08-20 13:00:00,"{'w': '0.9138', 'd': '0.0655', 'l': '0.0207'}",71,72,Aston Villa,Everton,4,0,3.24336,0.721465,False,True,False
22293,True,"{'id': '81', 'title': 'West Ham', 'short_title': 'WHU'}","{'id': '80', 'title': 'Chelsea', 'short_title': 'CHE'}","{'h': '3', 'a': '1'}","{'h': '1.71234', 'a': '1.60916'}",2023-08-20 15:30:00,"{'w': '0.3947', 'd': '0.2905', 'l': '0.3148'}",81,80,West Ham,Chelsea,3,1,1.71234,1.60916,False,True,False
22294,True,"{'id': '78', 'title': 'Crystal Palace', 'short_title': 'CRY'}","{'id': '83', 'title': 'Arsenal', 'short_title': 'ARS'}","{'h': '0', 'a': '1'}","{'h': '1.06916', 'a': '2.20593'}",2023-08-21 19:00:00,"{'w': '0.1279', 'd': '0.1973', 'l': '0.6748'}",78,83,Crystal Palace,Arsenal,0,1,1.06916,2.20593,False,False,True
22295,True,"{'id': '80', 'title': 'Chelsea', 'short_title': 'CHE'}","{'id': '256', 'title': 'Luton', 'short_title': 'LUT'}","{'h': '3', 'a': '0'}","{'h': '3.41419', 'a': '0.465741'}",2023-08-25 19:00:00,"{'w': '0.9422', 'd': '0.0473', 'l': '0.0105'}",80,256,Chelsea,Luton,3,0,3.41419,0.465741,False,True,False
22296,True,"{'id': '73', 'title': 'Bournemouth', 'short_title': 'BOU'}","{'id': '82', 'title': 'Tottenham', 'short_title': 'TOT'}","{'h': '0', 'a': '2'}","{'h': '0.483582', 'a': '2.26115'}",2023-08-26 11:30:00,"{'w': '0.0438', 'd': '0.129', 'l': '0.8272'}",73,82,Bournemouth,Tottenham,0,2,0.483582,2.26115,False,False,True
22297,True,"{'id': '83', 'title': 'Arsenal', 'short_title': 'ARS'}","{'id': '228', 'title': 'Fulham', 'short_title': 'FLH'}","{'h': '2', 'a': '2'}","{'h': '3.23088', 'a': '0.849817'}",2023-08-26 14:00:00,"{'w': '0.8911', 'd': '0.0845', 'l': '0.0244'}",83,228,Arsenal,Fulham,2,2,3.23088,0.849817,True,False,False
22298,True,"{'id': '244', 'title': 'Brentford', 'short_title': 'BRE'}","{'id': '78', 'title': 'Crystal Palace', 'short_title': 'CRY'}","{'h': '1', 'a': '1'}","{'h': '0.948011', 'a': '1.06061'}",2023-08-26 14:00:00,"{'w': '0.3083', 'd': '0.3264', 'l': '0.3653'}",244,78,Brentford,Crystal Palace,1,1,0.948011,1.06061,True,False,False
22299,True,"{'id': '72', 'title': 'Everton', 'short_title': 'EVE'}","{'id': '229', 'title': 'Wolverhampton Wanderers', 'short_title': 'WOL'}","{'h': '0', 'a': '1'}","{'h': '1.89792', 'a': '1.40228'}",2023-08-26 14:00:00,"{'w': '0.4943', 'd': '0.2476', 'l': '0.2581'}",72,229,Everton,Wolverhampton Wanderers,0,1,1.89792,1.40228,False,False,True
22300,True,"{'id': '89', 'title': 'Manchester United', 'short_title': 'MUN'}","{'id': '249', 'title': 'Nottingham Forest', 'short_title': 'NOT'}","{'h': '3', 'a': '2'}","{'h': '3.02803', 'a': '0.960354'}",2023-08-26 14:00:00,"{'w': '0.861', 'd': '0.1027', 'l': '0.0363'}",89,249,Manchester United,Nottingham Forest,3,2,3.02803,0.960354,False,True,False
22301,True,"{'id': '220', 'title': 'Brighton', 'short_title': 'BRI'}","{'id': '81', 'title': 'West Ham', 'short_title': 'WHU'}","{'h': '1', 'a': '3'}","{'h': '1.3743', 'a': '2.9527'}",2023-08-26 16:30:00,"{'w': '0.0988', 'd': '0.1413', 'l': '0.7599'}",220,81,Brighton,West Ham,1,3,1.3743,2.9527,False,False,True
22302,True,"{'id': '92', 'title': 'Burnley', 'short_title': 'BUR'}","{'id': '71', 'title': 'Aston Villa', 'short_title': 'AVL'}","{'h': '1', 'a': '3'}","{'h': '0.630605', 'a': '2.83691'}",2023-08-27 13:00:00,"{'w': '0.0221', 'd': '0.0821', 'l': '0.8958'}",92,71,Burnley,Aston Villa,1,3,0.630605,2.83691,False,False,True
22303,True,"{'id': '238', 'title': 'Sheffield United', 'short_title': 'SHE'}","{'id': '88', 'title': 'Manchester City', 'short_title': 'MCI'}","{'h': '1', 'a': '2'}","{'h': '0.762232', 'a': '3.84804'}",2023-08-27 13:00:00,"{'w': '0.0099', 'd': '0.0443', 'l': '0.9458'}",238,88,Sheffield United,Manchester City,1,2,0.762232,3.84804,False,False,True
22304,True,"{'id': '86', 'title': 'Newcastle United', 'short_title': 'NEW'}","{'id': '87', 'title': 'Liverpool', 'short_title': 'LIV'}","{'h': '1', 'a': '2'}","{'h': '1.62037', 'a': '0.856121'}",2023-08-27 15:30:00,"{'w': '0.5588', 'd': '0.2581', 'l': '0.1831'}",86,87,Newcastle United,Liverpool,1,2,1.62037,0.856121,False,False,True
21925,True,"{'id': '256', 'title': 'Luton', 'short_title': 'LUT'}","{'id': '81', 'title': 'West Ham', 'short_title': 'WHU'}","{'h': '1', 'a': '2'}","{'h': '2.02244', 'a': '1.22528'}",2023-09-01 19:00:00,"{'w': '0.5814', 'd': '0.2473', 'l': '0.1713'}",256,81,Luton,West Ham,1,2,2.02244,1.22528,False,False,True
21926,True,"{'id': '238', 'title': 'Sheffield United', 'short_title': 'SHE'}","{'id': '72', 'title': 'Everton', 'short_title': 'EVE'}","{'h': '2', 'a': '2'}","{'h': '1.575', 'a': '2.73871'}",2023-09-02 11:30:00,"{'w': '0.1261', 'd': '0.2031', 'l': '0.6708'}",238,72,Sheffield United,Everton,2,2,1.575,2.73871,True,False,False
21927,True,"{'id': '88', 'title': 'Manchester City', 'short_title': 'MCI'}","{'id': '228', 'title': 'Fulham', 'short_title': 'FLH'}","{'h': '5', 'a': '1'}","{'h': '2.00152', 'a': '1.46427'}",2023-09-02 14:00:00,"{'w': '0.523', 'd': '0.3082', 'l': '0.1688'}",88,228,Manchester City,Fulham,5,1,2.00152,1.46427,False,True,False
21928,True,"{'id': '244', 'title': 'Brentford', 'short_title': 'BRE'}","{'id': '73', 'title': 'Bournemouth', 'short_title': 'BOU'}","{'h': '2', 'a': '2'}","{'h': '3.07185', 'a': '2.11013'}",2023-09-02 14:00:00,"{'w': '0.5993', 'd': '0.2049', 'l': '0.1958'}",244,73,Brentford,Bournemouth,2,2,3.07185,2.11013,True,False,False
21929,True,"{'id': '92', 'title': 'Burnley', 'short_title': 'BUR'}","{'id': '82', 'title': 'Tottenham', 'short_title': 'TOT'}","{'h': '2', 'a': '5'}","{'h': '1.66604', 'a': '2.39785'}",2023-09-02 14:00:00,"{'w': '0.2232', 'd': '0.2163', 'l': '0.5605'}",92,82,Burnley,Tottenham,2,5,1.66604,2.39785,False,False,True
21930,True,"{'id': '80', 'title': 'Chelsea', 'short_title': 'CHE'}","{'id': '249', 'title': 'Nottingham Forest', 'short_title': 'NOT'}","{'h': '0', 'a': '1'}","{'h': '2.28442', 'a': '1.1505'}",2023-09-02 14:00:00,"{'w': '0.6607', 'd': '0.2127', 'l': '0.1266'}",80,249,Chelsea,Nottingham Forest,0,1,2.28442,1.1505,False,False,True
21931,True,"{'id': '220', 'title': 'Brighton', 'short_title': 'BRI'}","{'id': '86', 'title': 'Newcastle United', 'short_title': 'NEW'}","{'h': '3', 'a': '1'}","{'h': '1.32258', 'a': '0.90476'}",2023-09-02 16:30:00,"{'w': '0.4762', 'd': '0.3005', 'l': '0.2233'}",220,86,Brighton,Newcastle United,3,1,1.32258,0.90476,False,True,False
21932,True,"{'id': '78', 'title': 'Crystal Palace', 'short_title': 'CRY'}","{'id': '229', 'title': 'Wolverhampton Wanderers', 'short_title': 'WOL'}","{'h': '3', 'a': '2'}","{'h': '2.32935', 'a': '1.13911'}",2023-09-03 13:00:00,"{'w': '0.6847', 'd': '0.1878', 'l': '0.1275'}",78,229,Crystal Palace,Wolverhampton Wanderers,3,2,2.32935,1.13911,False,True,False
21933,True,"{'id': '87', 'title': 'Liverpool', 'short_title': 'LIV'}","{'id': '71', 'title': 'Aston Villa', 'short_title': 'AVL'}","{'h': '3', 'a': '0'}","{'h': '2.73138', 'a': '0.615503'}",2023-09-03 13:00:00,"{'w': '0.8684', 'd': '0.0998', 'l': '0.0318'}",87,71,Liverpool,Aston Villa,3,0,2.73138,0.615503,False,True,False
21934,True,"{'id': '83', 'title': 'Arsenal', 'short_title': 'ARS'}","{'id': '89', 'title': 'Manchester United', 'short_title': 'MUN'}","{'h': '3', 'a': '1'}","{'h': '1.90973', 'a': '0.966109'}",2023-09-03 15:30:00,"{'w': '0.629', 'd': '0.2273', 'l': '0.1437'}",83,89,Arsenal,Manchester United,3,1,1.90973,0.966109,False,True,False
21935,True,"{'id': '229', 'title': 'Wolverhampton Wanderers', 'short_title': 'WOL'}","{'id': '87', 'title': 'Liverpool', 'short_title': 'LIV'}","{'h': '1', 'a': '3'}","{'h': '0.538833', 'a': '2.82701'}",2023-09-16 11:30:00,"{'w': '0.0189', 'd': '0.0705', 'l': '0.9106'}",229,87,Wolverhampton Wanderers,Liverpool,1,3,0.538833,2.82701,False,False,True
21936,True,"{'id': '82', 'title': 'Tottenham', 'short_title': 'TOT'}","{'id': '238', 'title': 'Sheffield United', 'short_title': 'SHE'}","{'h': '2', 'a': '1'}","{'h': '2.15909', 'a': '0.790655'}",2023-09-16 14:00:00,"{'w': '0.7114', 'd': '0.187', 'l': '0.1016'}",82,238,Tottenham,Sheffield United,2,1,2.15909,0.790655,False,True,False
21937,True,"{'id': '81', 'title': 'West Ham', 'short_title': 'WHU'}","{'id': '88', 'title': 'Manchester City', 'short_title': 'MCI'}","{'h': '1', 'a': '3'}","{'h': '0.895632', 'a': '4.15046'}",2023-09-16 14:00:00,"{'w': '0.0123', 'd': '0.0352', 'l': '0.9525'}",81,88,West Ham,Manchester City,1,3,0.895632,4.15046,False,False,True
21938,True,"{'id': '71', 'title': 'Aston Villa', 'short_title': 'AVL'}","{'id': '78', 'title': 'Crystal Palace', 'short_title': 'CRY'}","{'h': '3', 'a': '1'}","{'h': '2.31518', 'a': '1.11696'}",2023-09-16 14:00:00,"{'w': '0.6875', 'd': '0.201', 'l': '0.1115'}",71,78,Aston Villa,Crystal Palace,3,1,2.31518,1.11696,False,True,False
21939,True,"{'id': '228', 'title': 'Fulham', 'short_title': 'FLH'}","{'id': '256', 'title': 'Luton', 'short_title': 'LUT'}","{'h': '1', 'a': '0'}","{'h': '1.75704', 'a': '1.45705'}",2023-09-16 14:00:00,"{'w': '0.4351', 'd': '0.2865', 'l': '0.2784'}",228,256,Fulham,Luton,1,0,1.75704,1.45705,False,True,False
21940,True,"{'id': '89', 'title': 'Manchester United', 'short_title': 'MUN'}","{'id': '220', 'title': 'Brighton', 'short_title': 'BRI'}","{'h': '1', 'a': '3'}","{'h': '0.719951', 'a': '1.93908'}",2023-09-16 14:00:00,"{'w': '0.1055', 'd': '0.1835', 'l': '0.711'}",89,220,Manchester United,Brighton,1,3,0.719951,1.93908,False,False,True
21943,True,"{'id': '86', 'title': 'Newcastle United', 'short_title': 'NEW'}","{'id': '244', 'title': 'Brentford', 'short_title': 'BRE'}","{'h': '1', 'a': '0'}","{'h': '1.50126', 'a': '0.633678'}",2023-09-16 16:30:00,"{'w': '0.647', 'd': '0.2452', 'l': '0.1078'}",86,244,Newcastle United,Brentford,1,0,1.50126,0.633678,False,True,False
21942,True,"{'id': '73', 'title': 'Bournemouth', 'short_title': 'BOU'}","{'id': '80', 'title': 'Chelsea', 'short_title': 'CHE'}","{'h': '0', 'a': '0'}","{'h': '1.32515', 'a': '1.39677'}",2023-09-17 13:00:00,"{'w': '0.348', 'd': '0.2784', 'l': '0.3736'}",73,80,Bournemouth,Chelsea,0,0,1.32515,1.39677,True,False,False
21941,True,"{'id': '72', 'title': 'Everton', 'short_title': 'EVE'}","{'id': '83', 'title': 'Arsenal', 'short_title': 'ARS'}","{'h': '0', 'a': '1'}","{'h': '0.28317', 'a': '0.802605'}",2023-09-17 15:30:00,"{'w': '0.112', 'd': '0.414', 'l': '0.474'}",72,83,Everton,Arsenal,0,1,0.28317,0.802605,False,False,True
21944,True,"{'id': '249', 'title': 'Nottingham Forest', 'short_title': 'NOT'}","{'id': '92', 'title': 'Burnley', 'short_title': 'BUR'}","{'h': '1', 'a': '1'}","{'h': '0.705795', 'a': '0.807651'}",2023-09-18 18:45:00,"{'w': '0.2724', 'd': '0.3669', 'l': '0.3607'}",249,92,Nottingham Forest,Burnley,1,1,0.705795,0.807651,True,False,False
21945,True,"{'id': '256', 'title': 'Luton', 'short_title': 'LUT'}","{'id': '229', 'title': 'Wolverhampton Wanderers', 'short_title': 'WOL'}","{'h': '1', 'a': '1'}","{'h': '2.24101', 'a': '0.762984'}",2023-09-23 14:00:00,"{'w': '0.7771', 'd': '0.1815', 'l': '0.0414'}",256,229,Luton,Wolverhampton Wanderers,1,1,2.24101,0.762984,True,False,False
21946,True,"{'id': '88', 'title': 'Manchester City', 'short_title': 'MCI'}","{'id': '249', 'title': 'Nottingham Forest', 'short_title': 'NOT'}","{'h': '2', 'a': '0'}","{'h': '1.33984', 'a': '0.729109'}",2023-09-23 14:00:00,"{'w': '0.5453', 'd': '0.2792', 'l': '0.1755'}",88,249,Manchester City,Nottingham Forest,2,0,1.33984,0.729109,False,True,False
21948,True,"{'id': '78', 'title': 'Crystal Palace', 'short_title': 'CRY'}","{'id': '228', 'title': 'Fulham', 'short_title': 'FLH'}","{'h': '0', 'a': '0'}","{'h': '0.37236', 'a': '0.542678'}",2023-09-23 14:00:00,"{'w': '0.1986', 'd': '0.488', 'l': '0.3134'}",78,228,Crystal Palace,Fulham,0,0,0.37236,0.542678,True,False,False
21949,True,"{'id': '244', 'title': 'Brentford', 'short_title': 'BRE'}","{'id': '72', 'title': 'Everton', 'short_title': 'EVE'}","{'h': '1', 'a': '3'}","{'h': '1.57402', 'a': '2.51497'}",2023-09-23 16:30:00,"{'w': '0.1704', 'd': '0.2246', 'l': '0.605'}",244,72,Brentford,Everton,1,3,1.57402,2.51497,False,False,True
21950,True,"{'id': '92', 'title': 'Burnley', 'short_title': 'BUR'}","{'id': '89', 'title': 'Manchester United', 'short_title': 'MUN'}","{'h': '0', 'a': '1'}","{'h': '0.935444', 'a': '0.840273'}",2023-09-23 19:00:00,"{'w': '0.3571', 'd': '0.3448', 'l': '0.2981'}",92,89,Burnley,Manchester United,0,1,0.935444,0.840273,False,False,True
21947,True,"{'id': '80', 'title': 'Chelsea', 'short_title': 'CHE'}","{'id': '71', 'title': 'Aston Villa', 'short_title': 'AVL'}","{'h': '0', 'a': '1'}","{'h': '1.19716', 'a': '1.13479'}",2023-09-24 13:00:00,"{'w': '0.3746', 'd': '0.2965', 'l': '0.3289'}",80,71,Chelsea,Aston Villa,0,1,1.19716,1.13479,False,False,True
21951,True,"{'id': '220', 'title': 'Brighton', 'short_title': 'BRI'}","{'id': '73', 'title': 'Bournemouth', 'short_title': 'BOU'}","{'h': '3', 'a': '1'}","{'h': '2.14533', 'a': '1.58984'}",2023-09-24 13:00:00,"{'w': '0.5233', 'd': '0.2401', 'l': '0.2366'}",220,73,Brighton,Bournemouth,3,1,2.14533,1.58984,False,True,False
21952,True,"{'id': '83', 'title': 'Arsenal', 'short_title': 'ARS'}","{'id': '82', 'title': 'Tottenham', 'short_title': 'TOT'}","{'h': '2', 'a': '2'}","{'h': '2.3429', 'a': '2.21166'}",2023-09-24 13:00:00,"{'w': '0.417', 'd': '0.2392', 'l': '0.3438'}",83,82,Arsenal,Tottenham,2,2,2.3429,2.21166,True,False,False
21953,True,"{'id': '87', 'title': 'Liverpool', 'short_title': 'LIV'}","{'id': '81', 'title': 'West Ham', 'short_title': 'WHU'}","{'h': '3', 'a': '1'}","{'h': '4.14262', 'a': '1.53878'}",2023-09-24 13:00:00,"{'w': '0.882', 'd': '0.0793', 'l': '0.0387'}",87,81,Liverpool,West Ham,3,1,4.14262,1.53878,False,True,False
21954,True,"{'id': '238', 'title': 'Sheffield United', 'short_title': 'SHE'}","{'id': '86', 'title': 'Newcastle United', 'short_title': 'NEW'}","{'h': '0', 'a': '8'}","{'h': '0.579392', 'a': '5.1082'}",2023-09-24 15:30:00,"{'w': '0.0032', 'd': '0.0084', 'l': '0.9884'}",238,86,Sheffield United,Newcastle United,0,8,0.579392,5.1082,False,False,True
21955,True,"{'id': '71', 'title': 'Aston Villa', 'short_title': 'AVL'}","{'id': '220', 'title': 'Brighton', 'short_title': 'BRI'}","{'h': '6', 'a': '1'}","{'h': '1.90746', 'a': '1.72819'}",2023-09-30 11:30:00,"{'w': '0.4133', 'd': '0.2584', 'l': '0.3283'}",71,220,Aston Villa,Brighton,6,1,1.90746,1.72819,False,True,False
21956,True,"{'id': '72', 'title': 'Everton', 'short_title': 'EVE'}","{'id': '256', 'title': 'Luton', 'short_title': 'LUT'}","{'h': '1', 'a': '2'}","{'h': '3.65377', 'a': '1.5102'}",2023-09-30 14:00:00,"{'w': '0.85', 'd': '0.1072', 'l': '0.0428'}",72,256,Everton,Luton,1,2,3.65377,1.5102,False,False,True
21957,True,"{'id': '89', 'title': 'Manchester United', 'short_title': 'MUN'}","{'id': '78', 'title': 'Crystal Palace', 'short_title': 'CRY'}","{'h': '0', 'a': '1'}","{'h': '1.55408', 'a': '1.19015'}",2023-09-30 14:00:00,"{'w': '0.4561', 'd': '0.2712', 'l': '0.2727'}",89,78,Manchester United,Crystal Palace,0,1,1.55408,1.19015,False,False,True
21958,True,"{'id': '86', 'title': 'Newcastle United', 'short_title': 'NEW'}","{'id': '92', 'title': 'Burnley', 'short_title': 'BUR'}","{'h': '2', 'a': '0'}","{'h': '3.08516', 'a': '0.801849'}",2023-09-30 14:00:00,"{'w': '0.8934', 'd': '0.0819', 'l': '0.0247'}",86,92,Newcastle United,Burnley,2,0,3.08516,0.801849,False,True,False
21959,True,"{'id': '73', 'title': 'Bournemouth', 'short_title': 'BOU'}","{'id': '83', 'title': 'Arsenal', 'short_title': 'ARS'}","{'h': '0', 'a': '4'}","{'h': '0.644443', 'a': '4.0742'}",2023-09-30 14:00:00,"{'w': '0.0052', 'd': '0.0212', 'l': '0.9736'}",73,83,Bournemouth,Arsenal,0,4,0.644443,4.0742,False,False,True
21960,True,"{'id': '81', 'title': 'West Ham', 'short_title': 'WHU'}","{'id': '238', 'title': 'Sheffield United', 'short_title': 'SHE'}","{'h': '2', 'a': '0'}","{'h': '3.19753', 'a': '0.911997'}",2023-09-30 14:00:00,"{'w': '0.8683', 'd': '0.0908', 'l': '0.0409'}",81,238,West Ham,Sheffield United,2,0,3.19753,0.911997,False,True,False
21961,True,"{'id': '229', 'title': 'Wolverhampton Wanderers', 'short_title': 'WOL'}","{'id': '88', 'title': 'Manchester City', 'short_title': 'MCI'}","{'h': '2', 'a': '1'}","{'h': '0.673985', 'a': '0.98075'}",2023-09-30 14:00:00,"{'w': '0.2467', 'd': '0.3543', 'l': '0.399'}",229,88,Wolverhampton Wanderers,Manchester City,2,1,0.673985,0.98075,False,True,False
21962,True,"{'id': '82', 'title': 'Tottenham', 'short_title': 'TOT'}","{'id': '87', 'title': 'Liverpool', 'short_title': 'LIV'}","{'h': '2', 'a': '1'}","{'h': '2.18823', 'a': '1.12299'}",2023-09-30 16:30:00,"{'w': '0.6518', 'd': '0.2076', 'l': '0.1406'}",82,87,Tottenham,Liverpool,2,1,2.18823,1.12299,False,True,False
21963,True,"{'id': '249', 'title': 'Nottingham Forest', 'short_title': 'NOT'}","{'id': '244', 'title': 'Brentford', 'short_title': 'BRE'}","{'h': '1', 'a': '1'}","{'h': '0.800317', 'a': '1.75862'}",2023-10-01 13:00:00,"{'w': '0.1472', 'd': '0.2359', 'l': '0.6169'}",249,244,Nottingham Forest,Brentford,1,1,0.800317,1.75862,True,False,False
21964,True,"{'id': '228', 'title': 'Fulham', 'short_title': 'FLH'}","{'id': '80', 'title': 'Chelsea', 'short_title': 'CHE'}","{'h': '0', 'a': '2'}","{'h': '0.889383', 'a': '1.98461'}",2023-10-02 19:00:00,"{'w': '0.1096', 'd': '0.2252', 'l': '0.6652'}",228,80,Fulham,Chelsea,0,2,0.889383,1.98461,False,False,True
22289,True,"{'id': '256', 'title': 'Luton', 'short_title': 'LUT'}","{'id': '92', 'title': 'Burnley', 'short_title': 'BUR'}","{'h': '1', 'a': '2'}","{'h': '1.53058', 'a': '0.920206'}",2023-10-03 18:30:00,"{'w': '0.5256', 'd': '0.2762', 'l': '0.1982'}",256,92,Luton,Burnley,1,2,1.53058,0.920206,False,False,True
21971,True,"{'id': '256', 'title': 'Luton', 'short_title': 'LUT'}","{'id': '82', 'title': 'Tottenham', 'short_title': 'TOT'}","{'h': '0', 'a': '1'}","{'h': '0.848118', 'a': '2.37947'}",2023-10-07 11:30:00,"{'w': '0.0838', 'd': '0.1565', 'l': '0.7597'}",256,82,Luton,Tottenham,0,1,0.848118,2.37947,False,False,True
21967,True,"{'id': '92', 'title': 'Burnley', 'short_title': 'BUR'}","{'id': '80', 'title': 'Chelsea', 'short_title': 'CHE'}","{'h': '1', 'a': '4'}","{'h': '0.956642', 'a': '1.97566'}",2023-10-07 14:00:00,"{'w': '0.1114', 'd': '0.2281', 'l': '0.6605'}",92,80,Burnley,Chelsea,1,4,0.956642,1.97566,False,False,True
21969,True,"{'id': '72', 'title': 'Everton', 'short_title': 'EVE'}","{'id': '73', 'title': 'Bournemouth', 'short_title': 'BOU'}","{'h': '3', 'a': '0'}","{'h': '3.16482', 'a': '0.981732'}",2023-10-07 14:00:00,"{'w': '0.8722', 'd': '0.0938', 'l': '0.034'}",72,73,Everton,Bournemouth,3,0,3.16482,0.981732,False,True,False
21970,True,"{'id': '228', 'title': 'Fulham', 'short_title': 'FLH'}","{'id': '238', 'title': 'Sheffield United', 'short_title': 'SHE'}","{'h': '3', 'a': '1'}","{'h': '2.26612', 'a': '0.251809'}",2023-10-07 14:00:00,"{'w': '0.8781', 'd': '0.1012', 'l': '0.0207'}",228,238,Fulham,Sheffield United,3,1,2.26612,0.251809,False,True,False
21972,True,"{'id': '89', 'title': 'Manchester United', 'short_title': 'MUN'}","{'id': '244', 'title': 'Brentford', 'short_title': 'BRE'}","{'h': '2', 'a': '1'}","{'h': '1.29356', 'a': '1.02509'}",2023-10-07 14:00:00,"{'w': '0.4271', 'd': '0.2936', 'l': '0.2793'}",89,244,Manchester United,Brentford,2,1,1.29356,1.02509,False,True,False
21968,True,"{'id': '78', 'title': 'Crystal Palace', 'short_title': 'CRY'}","{'id': '249', 'title': 'Nottingham Forest', 'short_title': 'NOT'}","{'h': '0', 'a': '0'}","{'h': '0.982452', 'a': '1.22105'}",2023-10-07 16:30:00,"{'w': '0.282', 'd': '0.3104', 'l': '0.4076'}",78,249,Crystal Palace,Nottingham Forest,0,0,0.982452,1.22105,True,False,False
21966,True,"{'id': '220', 'title': 'Brighton', 'short_title': 'BRI'}","{'id': '87', 'title': 'Liverpool', 'short_title': 'LIV'}","{'h': '2', 'a': '2'}","{'h': '2.23187', 'a': '2.51029'}",2023-10-08 13:00:00,"{'w': '0.316', 'd': '0.236', 'l': '0.448'}",220,87,Brighton,Liverpool,2,2,2.23187,2.51029,True,False,False
21973,True,"{'id': '81', 'title': 'West Ham', 'short_title': 'WHU'}","{'id': '86', 'title': 'Newcastle United', 'short_title': 'NEW'}","{'h': '2', 'a': '2'}","{'h': '0.931345', 'a': '1.97865'}",2023-10-08 13:00:00,"{'w': '0.0927', 'd': '0.2316', 'l': '0.6757'}",81,86,West Ham,Newcastle United,2,2,0.931345,1.97865,True,False,False
21974,True,"{'id': '229', 'title': 'Wolverhampton Wanderers', 'short_title': 'WOL'}","{'id': '71', 'title': 'Aston Villa', 'short_title': 'AVL'}","{'h': '1', 'a': '1'}","{'h': '1.76232', 'a': '1.81618'}",2023-10-08 13:00:00,"{'w': '0.3672', 'd': '0.2589', 'l': '0.3739'}",229,71,Wolverhampton Wanderers,Aston Villa,1,1,1.76232,1.81618,True,False,False
21965,True,"{'id': '83', 'title': 'Arsenal', 'short_title': 'ARS'}","{'id': '88', 'title': 'Manchester City', 'short_title': 'MCI'}","{'h': '1', 'a': '0'}","{'h': '0.386558', 'a': '0.858071'}",2023-10-08 15:30:00,"{'w': '0.1372', 'd': '0.3669', 'l': '0.4959'}",83,88,Arsenal,Manchester City,1,0,0.386558,0.858071,False,True,False
21979,True,"{'id': '87', 'title': 'Liverpool', 'short_title': 'LIV'}","{'id': '72', 'title': 'Everton', 'short_title': 'EVE'}","{'h': '2', 'a': '0'}","{'h': '2.28568', 'a': '0.0937725'}",2023-10-21 11:30:00,"{'w': '0.9342', 'd': '0.0613', 'l': '0.0045'}",87,72,Liverpool,Everton,2,0,2.28568,0.0937725,False,True,False
21975,True,"{'id': '73', 'title': 'Bournemouth', 'short_title': 'BOU'}","{'id': '229', 'title': 'Wolverhampton Wanderers', 'short_title': 'WOL'}","{'h': '1', 'a': '2'}","{'h': '1.01839', 'a': '2.30454'}",2023-10-21 14:00:00,"{'w': '0.102', 'd': '0.2', 'l': '0.698'}",73,229,Bournemouth,Wolverhampton Wanderers,1,2,1.01839,2.30454,False,False,True
21977,True,"{'id': '244', 'title': 'Brentford', 'short_title': 'BRE'}","{'id': '92', 'title': 'Burnley', 'short_title': 'BUR'}","{'h': '3', 'a': '0'}","{'h': '3.15685', 'a': '0.693129'}",2023-10-21 14:00:00,"{'w': '0.9067', 'd': '0.0745', 'l': '0.0188'}",244,92,Brentford,Burnley,3,0,3.15685,0.693129,False,True,False
21980,True,"{'id': '88', 'title': 'Manchester City', 'short_title': 'MCI'}","{'id': '220', 'title': 'Brighton', 'short_title': 'BRI'}","{'h': '2', 'a': '1'}","{'h': '0.962509', 'a': '0.963733'}",2023-10-21 14:00:00,"{'w': '0.3367', 'd': '0.3286', 'l': '0.3347'}",88,220,Manchester City,Brighton,2,1,0.962509,0.963733,False,True,False
21981,True,"{'id': '86', 'title': 'Newcastle United', 'short_title': 'NEW'}","{'id': '78', 'title': 'Crystal Palace', 'short_title': 'CRY'}","{'h': '4', 'a': '0'}","{'h': '3.73336', 'a': '1.08795'}",2023-10-21 14:00:00,"{'w': '0.9023', 'd': '0.0693', 'l': '0.0284'}",86,78,Newcastle United,Crystal Palace,4,0,3.73336,1.08795,False,True,False
21982,True,"{'id': '249', 'title': 'Nottingham Forest', 'short_title': 'NOT'}","{'id': '256', 'title': 'Luton', 'short_title': 'LUT'}","{'h': '2', 'a': '2'}","{'h': '3.27549', 'a': '1.49555'}",2023-10-21 14:00:00,"{'w': '0.7817', 'd': '0.1325', 'l': '0.0858'}",249,256,Nottingham Forest,Luton,2,2,3.27549,1.49555,True,False,False
21978,True,"{'id': '80', 'title': 'Chelsea', 'short_title': 'CHE'}","{'id': '83', 'title': 'Arsenal', 'short_title': 'ARS'}","{'h': '2', 'a': '2'}","{'h': '1.71838', 'a': '1.05791'}",2023-10-21 16:30:00,"{'w': '0.5596', 'd': '0.2612', 'l': '0.1792'}",80,83,Chelsea,Arsenal,2,2,1.71838,1.05791,True,False,False
21983,True,"{'id': '238', 'title': 'Sheffield United', 'short_title': 'SHE'}","{'id': '89', 'title': 'Manchester United', 'short_title': 'MUN'}","{'h': '1', 'a': '2'}","{'h': '1.41074', 'a': '1.46187'}",2023-10-21 19:00:00,"{'w': '0.3358', 'd': '0.3137', 'l': '0.3505'}",238,89,Sheffield United,Manchester United,1,2,1.41074,1.46187,False,False,True
21976,True,"{'id': '71', 'title': 'Aston Villa', 'short_title': 'AVL'}","{'id': '81', 'title': 'West Ham', 'short_title': 'WHU'}","{'h': '4', 'a': '1'}","{'h': '2.34143', 'a': '0.659622'}",2023-10-22 15:30:00,"{'w': '0.814', 'd': '0.1326', 'l': '0.0534'}",71,81,Aston Villa,West Ham,4,1,2.34143,0.659622,False,True,False
21984,True,"{'id': '82', 'title': 'Tottenham', 'short_title': 'TOT'}","{'id': '228', 'title': 'Fulham', 'short_title': 'FLH'}","{'h': '2', 'a': '0'}","{'h': '1.63523', 'a': '0.745838'}",2023-10-23 19:00:00,"{'w': '0.6093', 'd': '0.2524', 'l': '0.1383'}",82,228,Tottenham,Fulham,2,0,1.63523,0.745838,False,True,False
21990,True,"{'id': '78', 'title': 'Crystal Palace', 'short_title': 'CRY'}","{'id': '82', 'title': 'Tottenham', 'short_title': 'TOT'}","{'h': '1', 'a': '2'}","{'h': '0.561834', 'a': '0.989103'}",2023-10-27 19:00:00,"{'w': '0.1774', 'd': '0.342', 'l': '0.4806'}",78,82,Crystal Palace,Tottenham,1,2,0.561834,0.989103,False,False,True
21989,True,"{'id': '80', 'title': 'Chelsea', 'short_title': 'CHE'}","{'id': '244', 'title': 'Brentford', 'short_title': 'BRE'}","{'h': '0', 'a': '2'}","{'h': '1.71801', 'a': '2.48137'}",2023-10-28 11:30:00,"{'w': '0.2146', 'd': '0.2109', 'l': '0.5745'}",80,244,Chelsea,Brentford,0,2,1.71801,2.48137,False,False,True
21985,True,"{'id': '73', 'title': 'Bournemouth', 'short_title': 'BOU'}","{'id': '92', 'title': 'Burnley', 'short_title': 'BUR'}","{'h': '2', 'a': '1'}","{'h': '1.10052', 'a': '0.90255'}",2023-10-28 14:00:00,"{'w': '0.3721', 'd': '0.3582', 'l': '0.2697'}",73,92,Bournemouth,Burnley,2,1,1.10052,0.90255,False,True,False
21986,True,"{'id': '83', 'title': 'Arsenal', 'short_title': 'ARS'}","{'id': '238', 'title': 'Sheffield United', 'short_title': 'SHE'}","{'h': '5', 'a': '0'}","{'h': '3.03496', 'a': '0.0281554'}",2023-10-28 14:00:00,"{'w': '0.9842', 'd': '0.0156', 'l': '0.0002'}",83,238,Arsenal,Sheffield United,5,0,3.03496,0.0281554,False,True,False
21994,True,"{'id': '229', 'title': 'Wolverhampton Wanderers', 'short_title': 'WOL'}","{'id': '86', 'title': 'Newcastle United', 'short_title': 'NEW'}","{'h': '2', 'a': '2'}","{'h': '0.863393', 'a': '2.31987'}",2023-10-28 16:30:00,"{'w': '0.0639', 'd': '0.1559', 'l': '0.7802'}",229,86,Wolverhampton Wanderers,Newcastle United,2,2,0.863393,2.31987,True,False,False
21993,True,"{'id': '81', 'title': 'West Ham', 'short_title': 'WHU'}","{'id': '72', 'title': 'Everton', 'short_title': 'EVE'}","{'h': '0', 'a': '1'}","{'h': '0.618578', 'a': '0.733813'}",2023-10-29 13:00:00,"{'w': '0.2689', 'd': '0.3788', 'l': '0.3523'}",81,72,West Ham,Everton,0,1,0.618578,0.733813,False,False,True
21987,True,"{'id': '71', 'title': 'Aston Villa', 'short_title': 'AVL'}","{'id': '256', 'title': 'Luton', 'short_title': 'LUT'}","{'h': '3', 'a': '1'}","{'h': '3.07654', 'a': '0.453117'}",2023-10-29 14:00:00,"{'w': '0.9407', 'd': '0.0493', 'l': '0.01'}",71,256,Aston Villa,Luton,3,1,3.07654,0.453117,False,True,False
21988,True,"{'id': '220', 'title': 'Brighton', 'short_title': 'BRI'}","{'id': '228', 'title': 'Fulham', 'short_title': 'FLH'}","{'h': '1', 'a': '1'}","{'h': '1.31996', 'a': '0.552523'}",2023-10-29 14:00:00,"{'w': '0.5703', 'd': '0.2799', 'l': '0.1498'}",220,228,Brighton,Fulham,1,1,1.31996,0.552523,True,False,False
21991,True,"{'id': '87', 'title': 'Liverpool', 'short_title': 'LIV'}","{'id': '249', 'title': 'Nottingham Forest', 'short_title': 'NOT'}","{'h': '3', 'a': '0'}","{'h': '2.70428', 'a': '0.642014'}",2023-10-29 14:00:00,"{'w': '0.8733', 'd': '0.0954', 'l': '0.0313'}",87,249,Liverpool,Nottingham Forest,3,0,2.70428,0.642014,False,True,False
21992,True,"{'id': '89', 'title': 'Manchester United', 'short_title': 'MUN'}","{'id': '88', 'title': 'Manchester City', 'short_title': 'MCI'}","{'h': '0', 'a': '3'}","{'h': '0.714628', 'a': '4.54595'}",2023-10-29 15:30:00,"{'w': '0.0029', 'd': '0.0138', 'l': '0.9833'}",89,88,Manchester United,Manchester City,0,3,0.714628,4.54595,False,False,True
21998,True,"{'id': '228', 'title': 'Fulham', 'short_title': 'FLH'}","{'id': '89', 'title': 'Manchester United', 'short_title': 'MUN'}","{'h': '0', 'a': '1'}","{'h': '1.18241', 'a': '0.697095'}",2023-11-04 12:30:00,"{'w': '0.4803', 'd': '0.3166', 'l': '0.2031'}",228,89,Fulham,Manchester United,0,1,1.18241,0.697095,False,False,True
21995,True,"{'id': '244', 'title': 'Brentford', 'short_title': 'BRE'}","{'id': '81', 'title': 'West Ham', 'short_title': 'WHU'}","{'h': '3', 'a': '2'}","{'h': '1.82944', 'a': '1.75505'}",2023-11-04 15:00:00,"{'w': '0.363', 'd': '0.2981', 'l': '0.3389'}",244,81,Brentford,West Ham,3,2,1.82944,1.75505,False,True,False
21996,True,"{'id': '92', 'title': 'Burnley', 'short_title': 'BUR'}","{'id': '78', 'title': 'Crystal Palace', 'short_title': 'CRY'}","{'h': '0', 'a': '2'}","{'h': '1.4998', 'a': '1.43653'}",2023-11-04 15:00:00,"{'w': '0.3571', 'd': '0.3072', 'l': '0.3357'}",92,78,Burnley,Crystal Palace,0,2,1.4998,1.43653,False,False,True
21997,True,"{'id': '72', 'title': 'Everton', 'short_title': 'EVE'}","{'id': '220', 'title': 'Brighton', 'short_title': 'BRI'}","{'h': '1', 'a': '1'}","{'h': '0.617607', 'a': '0.442489'}",2023-11-04 15:00:00,"{'w': '0.3494', 'd': '0.4439', 'l': '0.2067'}",72,220,Everton,Brighton,1,1,0.617607,0.442489,True,False,False
22000,True,"{'id': '88', 'title': 'Manchester City', 'short_title': 'MCI'}","{'id': '73', 'title': 'Bournemouth', 'short_title': 'BOU'}","{'h': '6', 'a': '1'}","{'h': '2.39949', 'a': '0.643127'}",2023-11-04 15:00:00,"{'w': '0.7963', 'd': '0.1463', 'l': '0.0574'}",88,73,Manchester City,Bournemouth,6,1,2.39949,0.643127,False,True,False
22003,True,"{'id': '238', 'title': 'Sheffield United', 'short_title': 'SHE'}","{'id': '229', 'title': 'Wolverhampton Wanderers', 'short_title': 'WOL'}","{'h': '2', 'a': '1'}","{'h': '1.10165', 'a': '1.14803'}",2023-11-04 15:00:00,"{'w': '0.3009', 'd': '0.3733', 'l': '0.3258'}",238,229,Sheffield United,Wolverhampton Wanderers,2,1,1.10165,1.14803,False,True,False
22001,True,"{'id': '86', 'title': 'Newcastle United', 'short_title': 'NEW'}","{'id': '83', 'title': 'Arsenal', 'short_title': 'ARS'}","{'h': '1', 'a': '0'}","{'h': '1.12355', 'a': '0.535473'}",2023-11-04 17:30:00,"{'w': '0.577', 'd': '0.3043', 'l': '0.1187'}",86,83,Newcastle United,Arsenal,1,0,1.12355,0.535473,False,True,False
22002,True,"{'id': '249', 'title': 'Nottingham Forest', 'short_title': 'NOT'}","{'id': '71', 'title': 'Aston Villa', 'short_title': 'AVL'}","{'h': '2', 'a': '0'}","{'h': '0.592447', 'a': '1.33116'}",2023-11-05 14:00:00,"{'w': '0.1456', 'd': '0.2983', 'l': '0.5561'}",249,71,Nottingham Forest,Aston Villa,2,0,0.592447,1.33116,False,True,False
21999,True,"{'id': '256', 'title': 'Luton', 'short_title': 'LUT'}","{'id': '87', 'title': 'Liverpool', 'short_title': 'LIV'}","{'h': '1', 'a': '1'}","{'h': '1.3411', 'a': '3.03925'}",2023-11-05 16:30:00,"{'w': '0.0721', 'd': '0.1522', 'l': '0.7757'}",256,87,Luton,Liverpool,1,1,1.3411,3.03925,True,False,False
22004,True,"{'id': '82', 'title': 'Tottenham', 'short_title': 'TOT'}","{'id': '80', 'title': 'Chelsea', 'short_title': 'CHE'}","{'h': '1', 'a': '4'}","{'h': '0.959108', 'a': '4.05865'}",2023-11-06 20:00:00,"{'w': '0.0094', 'd': '0.0329', 'l': '0.9577'}",82,80,Tottenham,Chelsea,1,4,0.959108,4.05865,False,False,True
22014,True,"{'id': '229', 'title': 'Wolverhampton Wanderers', 'short_title': 'WOL'}","{'id': '82', 'title': 'Tottenham', 'short_title': 'TOT'}","{'h': '2', 'a': '1'}","{'h': '1.90884', 'a': '0.432315'}",2023-11-11 12:30:00,"{'w': '0.7738', 'd': '0.1722', 'l': '0.054'}",229,82,Wolverhampton Wanderers,Tottenham,2,1,1.90884,0.432315,False,True,False
22006,True,"{'id': '83', 'title': 'Arsenal', 'short_title': 'ARS'}","{'id': '92', 'title': 'Burnley', 'short_title': 'BUR'}","{'h': '3', 'a': '1'}","{'h': '2.63194', 'a': '0.327706'}",2023-11-11 15:00:00,"{'w': '0.9544', 'd': '0.0415', 'l': '0.0041'}",83,92,Arsenal,Burnley,3,1,2.63194,0.327706,False,True,False
22010,True,"{'id': '78', 'title': 'Crystal Palace', 'short_title': 'CRY'}","{'id': '72', 'title': 'Everton', 'short_title': 'EVE'}","{'h': '2', 'a': '3'}","{'h': '1.89194', 'a': '1.7904'}",2023-11-11 15:00:00,"{'w': '0.3803', 'd': '0.2887', 'l': '0.331'}",78,72,Crystal Palace,Everton,2,3,1.89194,1.7904,False,False,True
22012,True,"{'id': '89', 'title': 'Manchester United', 'short_title': 'MUN'}","{'id': '256', 'title': 'Luton', 'short_title': 'LUT'}","{'h': '1', 'a': '0'}","{'h': '2.74105', 'a': '0.408265'}",2023-11-11 15:00:00,"{'w': '0.9169', 'd': '0.0661', 'l': '0.017'}",89,256,Manchester United,Luton,1,0,2.74105,0.408265,False,True,False
22005,True,"{'id': '73', 'title': 'Bournemouth', 'short_title': 'BOU'}","{'id': '86', 'title': 'Newcastle United', 'short_title': 'NEW'}","{'h': '2', 'a': '0'}","{'h': '2.78424', 'a': '0.306141'}",2023-11-11 17:30:00,"{'w': '0.9374', 'd': '0.0517', 'l': '0.0109'}",73,86,Bournemouth,Newcastle United,2,0,2.78424,0.306141,False,True,False
22007,True,"{'id': '71', 'title': 'Aston Villa', 'short_title': 'AVL'}","{'id': '228', 'title': 'Fulham', 'short_title': 'FLH'}","{'h': '3', 'a': '1'}","{'h': '2.86039', 'a': '0.648745'}",2023-11-12 14:00:00,"{'w': '0.9227', 'd': '0.0642', 'l': '0.0131'}",71,228,Aston Villa,Fulham,3,1,2.86039,0.648745,False,True,False
22008,True,"{'id': '220', 'title': 'Brighton', 'short_title': 'BRI'}","{'id': '238', 'title': 'Sheffield United', 'short_title': 'SHE'}","{'h': '1', 'a': '1'}","{'h': '1.08601', 'a': '0.84434'}",2023-11-12 14:00:00,"{'w': '0.4067', 'd': '0.3328', 'l': '0.2605'}",220,238,Brighton,Sheffield United,1,1,1.08601,0.84434,True,False,False
22011,True,"{'id': '87', 'title': 'Liverpool', 'short_title': 'LIV'}","{'id': '244', 'title': 'Brentford', 'short_title': 'BRE'}","{'h': '3', 'a': '0'}","{'h': '1.56004', 'a': '1.44954'}",2023-11-12 14:00:00,"{'w': '0.3975', 'd': '0.264', 'l': '0.3385'}",87,244,Liverpool,Brentford,3,0,1.56004,1.44954,False,True,False
22013,True,"{'id': '81', 'title': 'West Ham', 'short_title': 'WHU'}","{'id': '249', 'title': 'Nottingham Forest', 'short_title': 'NOT'}","{'h': '3', 'a': '2'}","{'h': '2.06402', 'a': '1.42128'}",2023-11-12 14:00:00,"{'w': '0.5298', 'd': '0.2455', 'l': '0.2247'}",81,249,West Ham,Nottingham Forest,3,2,2.06402,1.42128,False,True,False
22009,True,"{'id': '80', 'title': 'Chelsea', 'short_title': 'CHE'}","{'id': '88', 'title': 'Manchester City', 'short_title': 'MCI'}","{'h': '4', 'a': '4'}","{'h': '3.47238', 'a': '3.19324'}",2023-11-12 16:30:00,"{'w': '0.455', 'd': '0.2211', 'l': '0.3239'}",80,88,Chelsea,Manchester City,4,4,3.47238,3.19324,True,False,False
22020,True,"{'id': '88', 'title': 'Manchester City', 'short_title': 'MCI'}","{'id': '87', 'title': 'Liverpool', 'short_title': 'LIV'}","{'h': '1', 'a': '1'}","{'h': '1.79622', 'a': '0.766278'}",2023-11-25 12:30:00,"{'w': '0.6472', 'd': '0.2244', 'l': '0.1284'}",88,87,Manchester City,Liverpool,1,1,1.79622,0.766278,True,False,False
22016,True,"{'id': '92', 'title': 'Burnley', 'short_title': 'BUR'}","{'id': '81', 'title': 'West Ham', 'short_title': 'WHU'}","{'h': '1', 'a': '2'}","{'h': '1.44228', 'a': '1.36963'}",2023-11-25 15:00:00,"{'w': '0.3708', 'd': '0.308', 'l': '0.3212'}",92,81,Burnley,West Ham,1,2,1.44228,1.36963,False,False,True
22019,True,"{'id': '256', 'title': 'Luton', 'short_title': 'LUT'}","{'id': '78', 'title': 'Crystal Palace', 'short_title': 'CRY'}","{'h': '2', 'a': '1'}","{'h': '0.996153', 'a': '1.83546'}",2023-11-25 15:00:00,"{'w': '0.1537', 'd': '0.2577', 'l': '0.5886'}",256,78,Luton,Crystal Palace,2,1,0.996153,1.83546,False,True,False
22021,True,"{'id': '86', 'title': 'Newcastle United', 'short_title': 'NEW'}","{'id': '80', 'title': 'Chelsea', 'short_title': 'CHE'}","{'h': '4', 'a': '1'}","{'h': '2.15227', 'a': '0.968061'}",2023-11-25 15:00:00,"{'w': '0.6848', 'd': '0.1926', 'l': '0.1226'}",86,80,Newcastle United,Chelsea,4,1,2.15227,0.968061,False,True,False
22022,True,"{'id': '249', 'title': 'Nottingham Forest', 'short_title': 'NOT'}","{'id': '220', 'title': 'Brighton', 'short_title': 'BRI'}","{'h': '2', 'a': '3'}","{'h': '2.22655', 'a': '1.21792'}",2023-11-25 15:00:00,"{'w': '0.6382', 'd': '0.2258', 'l': '0.136'}",249,220,Nottingham Forest,Brighton,2,3,2.22655,1.21792,False,False,True
22023,True,"{'id': '238', 'title': 'Sheffield United', 'short_title': 'SHE'}","{'id': '73', 'title': 'Bournemouth', 'short_title': 'BOU'}","{'h': '1', 'a': '3'}","{'h': '0.816227', 'a': '3.13975'}",2023-11-25 15:00:00,"{'w': '0.0405', 'd': '0.095', 'l': '0.8645'}",238,73,Sheffield United,Bournemouth,1,3,0.816227,3.13975,False,False,True
22015,True,"{'id': '244', 'title': 'Brentford', 'short_title': 'BRE'}","{'id': '83', 'title': 'Arsenal', 'short_title': 'ARS'}","{'h': '0', 'a': '1'}","{'h': '1.66315', 'a': '1.82699'}",2023-11-25 17:30:00,"{'w': '0.3338', 'd': '0.274', 'l': '0.3922'}",244,83,Brentford,Arsenal,0,1,1.66315,1.82699,False,False,True
22024,True,"{'id': '82', 'title': 'Tottenham', 'short_title': 'TOT'}","{'id': '71', 'title': 'Aston Villa', 'short_title': 'AVL'}","{'h': '1', 'a': '2'}","{'h': '2.22542', 'a': '2.39755'}",2023-11-26 14:00:00,"{'w': '0.3333', 'd': '0.2488', 'l': '0.4179'}",82,71,Tottenham,Aston Villa,1,2,2.22542,2.39755,False,False,True
22017,True,"{'id': '72', 'title': 'Everton', 'short_title': 'EVE'}","{'id': '89', 'title': 'Manchester United', 'short_title': 'MUN'}","{'h': '0', 'a': '3'}","{'h': '2.49764', 'a': '2.07334'}",2023-11-26 16:30:00,"{'w': '0.4626', 'd': '0.2624', 'l': '0.275'}",72,89,Everton,Manchester United,0,3,2.49764,2.07334,False,False,True
22018,True,"{'id': '228', 'title': 'Fulham', 'short_title': 'FLH'}","{'id': '229', 'title': 'Wolverhampton Wanderers', 'short_title': 'WOL'}","{'h': '3', 'a': '2'}","{'h': '2.49057', 'a': '1.57875'}",2023-11-27 20:00:00,"{'w': '0.6313', 'd': '0.2309', 'l': '0.1378'}",228,229,Fulham,Wolverhampton Wanderers,3,2,2.49057,1.57875,False,True,False
22026,True,"{'id': '83', 'title': 'Arsenal', 'short_title': 'ARS'}","{'id': '229', 'title': 'Wolverhampton Wanderers', 'short_title': 'WOL'}","{'h': '2', 'a': '1'}","{'h': '3.30368', 'a': '1.07886'}",2023-12-02 15:00:00,"{'w': '0.8622', 'd': '0.0986', 'l': '0.0392'}",83,229,Arsenal,Wolverhampton Wanderers,2,1,3.30368,1.07886,False,True,False
22027,True,"{'id': '244', 'title': 'Brentford', 'short_title': 'BRE'}","{'id': '256', 'title': 'Luton', 'short_title': 'LUT'}","{'h': '3', 'a': '1'}","{'h': '3.25952', 'a': '0.227176'}",2023-12-02 15:00:00,"{'w': '0.9661', 'd': '0.0298', 'l': '0.0041'}",244,256,Brentford,Luton,3,1,3.25952,0.227176,False,True,False
22028,True,"{'id': '92', 'title': 'Burnley', 'short_title': 'BUR'}","{'id': '238', 'title': 'Sheffield United', 'short_title': 'SHE'}","{'h': '5', 'a': '0'}","{'h': '2.60469', 'a': '0.618131'}",2023-12-02 15:00:00,"{'w': '0.8499', 'd': '0.1154', 'l': '0.0347'}",92,238,Burnley,Sheffield United,5,0,2.60469,0.618131,False,True,False
22033,True,"{'id': '249', 'title': 'Nottingham Forest', 'short_title': 'NOT'}","{'id': '72', 'title': 'Everton', 'short_title': 'EVE'}","{'h': '0', 'a': '1'}","{'h': '0.673085', 'a': '0.623789'}",2023-12-02 17:30:00,"{'w': '0.3119', 'd': '0.4027', 'l': '0.2854'}",249,72,Nottingham Forest,Everton,0,1,0.673085,0.623789,False,False,True
22032,True,"{'id': '86', 'title': 'Newcastle United', 'short_title': 'NEW'}","{'id': '89', 'title': 'Manchester United', 'short_title': 'MUN'}","{'h': '1', 'a': '0'}","{'h': '2.90191', 'a': '0.422674'}",2023-12-02 20:00:00,"{'w': '0.9224', 'd': '0.0633', 'l': '0.0143'}",86,89,Newcastle United,Manchester United,1,0,2.90191,0.422674,False,True,False
22025,True,"{'id': '73', 'title': 'Bournemouth', 'short_title': 'BOU'}","{'id': '71', 'title': 'Aston Villa', 'short_title': 'AVL'}","{'h': '2', 'a': '2'}","{'h': '2.54937', 'a': '0.89511'}",2023-12-03 14:00:00,"{'w': '0.7928', 'd': '0.144', 'l': '0.0632'}",73,71,Bournemouth,Aston Villa,2,2,2.54937,0.89511,True,False,False
22029,True,"{'id': '80', 'title': 'Chelsea', 'short_title': 'CHE'}","{'id': '220', 'title': 'Brighton', 'short_title': 'BRI'}","{'h': '3', 'a': '2'}","{'h': '1.66304', 'a': '0.855058'}",2023-12-03 14:00:00,"{'w': '0.6179', 'd': '0.2445', 'l': '0.1376'}",80,220,Chelsea,Brighton,3,2,1.66304,0.855058,False,True,False
22030,True,"{'id': '87', 'title': 'Liverpool', 'short_title': 'LIV'}","{'id': '228', 'title': 'Fulham', 'short_title': 'FLH'}","{'h': '4', 'a': '3'}","{'h': '2.72831', 'a': '1.51005'}",2023-12-03 14:00:00,"{'w': '0.6648', 'd': '0.1927', 'l': '0.1425'}",87,228,Liverpool,Fulham,4,3,2.72831,1.51005,False,True,False
22034,True,"{'id': '81', 'title': 'West Ham', 'short_title': 'WHU'}","{'id': '78', 'title': 'Crystal Palace', 'short_title': 'CRY'}","{'h': '1', 'a': '1'}","{'h': '1.1466', 'a': '0.987682'}",2023-12-03 14:00:00,"{'w': '0.3755', 'd': '0.3287', 'l': '0.2958'}",81,78,West Ham,Crystal Palace,1,1,1.1466,0.987682,True,False,False
22031,True,"{'id': '88', 'title': 'Manchester City', 'short_title': 'MCI'}","{'id': '82', 'title': 'Tottenham', 'short_title': 'TOT'}","{'h': '3', 'a': '3'}","{'h': '2.90729', 'a': '0.433077'}",2023-12-03 16:30:00,"{'w': '0.9091', 'd': '0.0719', 'l': '0.019'}",88,82,Manchester City,Tottenham,3,3,2.90729,0.433077,True,False,False
22042,True,"{'id': '229', 'title': 'Wolverhampton Wanderers', 'short_title': 'WOL'}","{'id': '92', 'title': 'Burnley', 'short_title': 'BUR'}","{'h': '1', 'a': '0'}","{'h': '1.11886', 'a': '0.781542'}",2023-12-05 19:30:00,"{'w': '0.4371', 'd': '0.34', 'l': '0.2229'}",229,92,Wolverhampton Wanderers,Burnley,1,0,1.11886,0.781542,False,True,False
22039,True,"{'id': '256', 'title': 'Luton', 'short_title': 'LUT'}","{'id': '83', 'title': 'Arsenal', 'short_title': 'ARS'}","{'h': '3', 'a': '4'}","{'h': '0.526254', 'a': '2.58815'}",2023-12-05 20:15:00,"{'w': '0.0299', 'd': '0.1032', 'l': '0.8669'}",256,83,Luton,Arsenal,3,4,0.526254,2.58815,False,False,True
22036,True,"{'id': '220', 'title': 'Brighton', 'short_title': 'BRI'}","{'id': '244', 'title': 'Brentford', 'short_title': 'BRE'}","{'h': '2', 'a': '1'}","{'h': '1.54099', 'a': '1.22007'}",2023-12-06 19:30:00,"{'w': '0.4263', 'd': '0.3121', 'l': '0.2616'}",220,244,Brighton,Brentford,2,1,1.54099,1.22007,False,True,False
22038,True,"{'id': '228', 'title': 'Fulham', 'short_title': 'FLH'}","{'id': '249', 'title': 'Nottingham Forest', 'short_title': 'NOT'}","{'h': '5', 'a': '0'}","{'h': '3.09427', 'a': '0.218659'}",2023-12-06 19:30:00,"{'w': '0.9769', 'd': '0.0204', 'l': '0.0027'}",228,249,Fulham,Nottingham Forest,5,0,3.09427,0.218659,False,True,False
22040,True,"{'id': '238', 'title': 'Sheffield United', 'short_title': 'SHE'}","{'id': '87', 'title': 'Liverpool', 'short_title': 'LIV'}","{'h': '0', 'a': '2'}","{'h': '0.834172', 'a': '1.80116'}",2023-12-06 19:30:00,"{'w': '0.1397', 'd': '0.234', 'l': '0.6263'}",238,87,Sheffield United,Liverpool,0,2,0.834172,1.80116,False,False,True
22043,True,"{'id': '78', 'title': 'Crystal Palace', 'short_title': 'CRY'}","{'id': '73', 'title': 'Bournemouth', 'short_title': 'BOU'}","{'h': '0', 'a': '2'}","{'h': '1.26441', 'a': '1.79997'}",2023-12-06 19:30:00,"{'w': '0.2221', 'd': '0.2553', 'l': '0.5226'}",78,73,Crystal Palace,Bournemouth,0,2,1.26441,1.79997,False,False,True
22035,True,"{'id': '71', 'title': 'Aston Villa', 'short_title': 'AVL'}","{'id': '88', 'title': 'Manchester City', 'short_title': 'MCI'}","{'h': '1', 'a': '0'}","{'h': '2.1922', 'a': '1.00198'}",2023-12-06 20:15:00,"{'w': '0.6881', 'd': '0.2247', 'l': '0.0872'}",71,88,Aston Villa,Manchester City,1,0,2.1922,1.00198,False,True,False
22044,True,"{'id': '89', 'title': 'Manchester United', 'short_title': 'MUN'}","{'id': '80', 'title': 'Chelsea', 'short_title': 'CHE'}","{'h': '2', 'a': '1'}","{'h': '4.03949', 'a': '2.3512'}",2023-12-06 20:15:00,"{'w': '0.7338', 'd': '0.1466', 'l': '0.1196'}",89,80,Manchester United,Chelsea,2,1,4.03949,2.3512,False,True,False
22037,True,"{'id': '72', 'title': 'Everton', 'short_title': 'EVE'}","{'id': '86', 'title': 'Newcastle United', 'short_title': 'NEW'}","{'h': '3', 'a': '0'}","{'h': '2.95393', 'a': '1.29564'}",2023-12-07 19:30:00,"{'w': '0.7544', 'd': '0.1534', 'l': '0.0922'}",72,86,Everton,Newcastle United,3,0,2.95393,1.29564,False,True,False
22041,True,"{'id': '82', 'title': 'Tottenham', 'short_title': 'TOT'}","{'id': '81', 'title': 'West Ham', 'short_title': 'WHU'}","{'h': '1', 'a': '2'}","{'h': '1.61268', 'a': '1.7409'}",2023-12-07 20:15:00,"{'w': '0.3319', 'd': '0.2535', 'l': '0.4146'}",82,81,Tottenham,West Ham,1,2,1.61268,1.7409,False,False,True
22047,True,"{'id': '78', 'title': 'Crystal Palace', 'short_title': 'CRY'}","{'id': '87', 'title': 'Liverpool', 'short_title': 'LIV'}","{'h': '1', 'a': '2'}","{'h': '1.79152', 'a': '1.3708'}",2023-12-09 12:30:00,"{'w': '0.4846', 'd': '0.276', 'l': '0.2394'}",78,87,Crystal Palace,Liverpool,1,2,1.79152,1.3708,False,False,True
22046,True,"{'id': '220', 'title': 'Brighton', 'short_title': 'BRI'}","{'id': '92', 'title': 'Burnley', 'short_title': 'BUR'}","{'h': '1', 'a': '1'}","{'h': '2.96247', 'a': '1.05162'}",2023-12-09 15:00:00,"{'w': '0.8189', 'd': '0.1267', 'l': '0.0544'}",220,92,Brighton,Burnley,1,1,2.96247,1.05162,True,False,False
22051,True,"{'id': '89', 'title': 'Manchester United', 'short_title': 'MUN'}","{'id': '73', 'title': 'Bournemouth', 'short_title': 'BOU'}","{'h': '0', 'a': '3'}","{'h': '1.11296', 'a': '1.9742'}",2023-12-09 15:00:00,"{'w': '0.1539', 'd': '0.2242', 'l': '0.6219'}",89,73,Manchester United,Bournemouth,0,3,1.11296,1.9742,False,False,True
22052,True,"{'id': '238', 'title': 'Sheffield United', 'short_title': 'SHE'}","{'id': '244', 'title': 'Brentford', 'short_title': 'BRE'}","{'h': '1', 'a': '0'}","{'h': '0.841976', 'a': '0.644638'}",2023-12-09 15:00:00,"{'w': '0.3909', 'd': '0.3656', 'l': '0.2435'}",238,244,Sheffield United,Brentford,1,0,0.841976,0.644638,False,True,False
22054,True,"{'id': '229', 'title': 'Wolverhampton Wanderers', 'short_title': 'WOL'}","{'id': '249', 'title': 'Nottingham Forest', 'short_title': 'NOT'}","{'h': '1', 'a': '1'}","{'h': '1.02199', 'a': '1.21801'}",2023-12-09 15:00:00,"{'w': '0.2745', 'd': '0.3237', 'l': '0.4018'}",229,249,Wolverhampton Wanderers,Nottingham Forest,1,1,1.02199,1.21801,True,False,False
22045,True,"{'id': '71', 'title': 'Aston Villa', 'short_title': 'AVL'}","{'id': '83', 'title': 'Arsenal', 'short_title': 'ARS'}","{'h': '1', 'a': '0'}","{'h': '0.628499', 'a': '1.71667'}",2023-12-09 17:30:00,"{'w': '0.0978', 'd': '0.2163', 'l': '0.6859'}",71,83,Aston Villa,Arsenal,1,0,0.628499,1.71667,False,True,False
22048,True,"{'id': '72', 'title': 'Everton', 'short_title': 'EVE'}","{'id': '80', 'title': 'Chelsea', 'short_title': 'CHE'}","{'h': '2', 'a': '0'}","{'h': '1.11437', 'a': '0.885512'}",2023-12-10 14:00:00,"{'w': '0.4245', 'd': '0.3286', 'l': '0.2469'}",72,80,Everton,Chelsea,2,0,1.11437,0.885512,False,True,False
22049,True,"{'id': '228', 'title': 'Fulham', 'short_title': 'FLH'}","{'id': '81', 'title': 'West Ham', 'short_title': 'WHU'}","{'h': '5', 'a': '0'}","{'h': '2.1884', 'a': '0.983'}",2023-12-10 14:00:00,"{'w': '0.6859', 'd': '0.1905', 'l': '0.1236'}",228,81,Fulham,West Ham,5,0,2.1884,0.983,False,True,False
22050,True,"{'id': '256', 'title': 'Luton', 'short_title': 'LUT'}","{'id': '88', 'title': 'Manchester City', 'short_title': 'MCI'}","{'h': '1', 'a': '2'}","{'h': '0.689037', 'a': '2.23353'}",2023-12-10 14:00:00,"{'w': '0.054', 'd': '0.178', 'l': '0.768'}",256,88,Luton,Manchester City,1,2,0.689037,2.23353,False,False,True
22053,True,"{'id': '82', 'title': 'Tottenham', 'short_title': 'TOT'}","{'id': '86', 'title': 'Newcastle United', 'short_title': 'NEW'}","{'h': '4', 'a': '1'}","{'h': '4.40118', 'a': '1.61368'}",2023-12-10 16:30:00,"{'w': '0.8961', 'd': '0.0703', 'l': '0.0336'}",82,86,Tottenham,Newcastle United,4,1,4.40118,1.61368,False,True,False
22063,True,"{'id': '249', 'title': 'Nottingham Forest', 'short_title': 'NOT'}","{'id': '82', 'title': 'Tottenham', 'short_title': 'TOT'}","{'h': '0', 'a': '2'}","{'h': '1.70569', 'a': '1.60738'}",2023-12-15 20:00:00,"{'w': '0.3911', 'd': '0.2583', 'l': '0.3506'}",249,82,Nottingham Forest,Tottenham,0,2,1.70569,1.60738,False,False,True
22059,True,"{'id': '80', 'title': 'Chelsea', 'short_title': 'CHE'}","{'id': '238', 'title': 'Sheffield United', 'short_title': 'SHE'}","{'h': '2', 'a': '0'}","{'h': '3.27322', 'a': '0.44014'}",2023-12-16 15:00:00,"{'w': '0.9605', 'd': '0.0315', 'l': '0.008'}",80,238,Chelsea,Sheffield United,2,0,3.27322,0.44014,False,True,False
22061,True,"{'id': '88', 'title': 'Manchester City', 'short_title': 'MCI'}","{'id': '78', 'title': 'Crystal Palace', 'short_title': 'CRY'}","{'h': '2', 'a': '2'}","{'h': '2.41646', 'a': '1.64977'}",2023-12-16 15:00:00,"{'w': '0.5547', 'd': '0.2489', 'l': '0.1964'}",88,78,Manchester City,Crystal Palace,2,2,2.41646,1.64977,True,False,False
22062,True,"{'id': '86', 'title': 'Newcastle United', 'short_title': 'NEW'}","{'id': '228', 'title': 'Fulham', 'short_title': 'FLH'}","{'h': '3', 'a': '0'}","{'h': '4.27933', 'a': '0.471042'}",2023-12-16 15:00:00,"{'w': '0.99', 'd': '0.0089', 'l': '0.0011'}",86,228,Newcastle United,Fulham,3,0,4.27933,0.471042,False,True,False
22058,True,"{'id': '92', 'title': 'Burnley', 'short_title': 'BUR'}","{'id': '72', 'title': 'Everton', 'short_title': 'EVE'}","{'h': '0', 'a': '2'}","{'h': '0.811435', 'a': '2.22305'}",2023-12-16 17:30:00,"{'w': '0.082', 'd': '0.1611', 'l': '0.7569'}",92,72,Burnley,Everton,0,2,0.811435,2.22305,False,False,True
22056,True,"{'id': '83', 'title': 'Arsenal', 'short_title': 'ARS'}","{'id': '220', 'title': 'Brighton', 'short_title': 'BRI'}","{'h': '2', 'a': '0'}","{'h': '2.76976', 'a': '0.663054'}",2023-12-17 14:00:00,"{'w': '0.8439', 'd': '0.1165', 'l': '0.0396'}",83,220,Arsenal,Brighton,2,0,2.76976,0.663054,False,True,False
22057,True,"{'id': '244', 'title': 'Brentford', 'short_title': 'BRE'}","{'id': '71', 'title': 'Aston Villa', 'short_title': 'AVL'}","{'h': '1', 'a': '2'}","{'h': '0.796812', 'a': '1.4664'}",2023-12-17 14:00:00,"{'w': '0.1774', 'd': '0.2816', 'l': '0.541'}",244,71,Brentford,Aston Villa,1,2,0.796812,1.4664,False,False,True
22064,True,"{'id': '81', 'title': 'West Ham', 'short_title': 'WHU'}","{'id': '229', 'title': 'Wolverhampton Wanderers', 'short_title': 'WOL'}","{'h': '3', 'a': '0'}","{'h': '1.03828', 'a': '0.556206'}",2023-12-17 14:00:00,"{'w': '0.4864', 'd': '0.3306', 'l': '0.183'}",81,229,West Ham,Wolverhampton Wanderers,3,0,1.03828,0.556206,False,True,False
22060,True,"{'id': '87', 'title': 'Liverpool', 'short_title': 'LIV'}","{'id': '89', 'title': 'Manchester United', 'short_title': 'MUN'}","{'h': '0', 'a': '0'}","{'h': '1.97111', 'a': '0.632715'}",2023-12-17 16:30:00,"{'w': '0.7148', 'd': '0.1924', 'l': '0.0928'}",87,89,Liverpool,Manchester United,0,0,1.97111,0.632715,True,False,False
22066,True,"{'id': '78', 'title': 'Crystal Palace', 'short_title': 'CRY'}","{'id': '220', 'title': 'Brighton', 'short_title': 'BRI'}","{'h': '1', 'a': '1'}","{'h': '1.65409', 'a': '1.33653'}",2023-12-21 20:00:00,"{'w': '0.455', 'd': '0.2631', 'l': '0.2819'}",78,220,Crystal Palace,Brighton,1,1,1.65409,1.33653,True,False,False
22065,True,"{'id': '71', 'title': 'Aston Villa', 'short_title': 'AVL'}","{'id': '238', 'title': 'Sheffield United', 'short_title': 'SHE'}","{'h': '1', 'a': '1'}","{'h': '1.21861', 'a': '0.646159'}",2023-12-22 20:00:00,"{'w': '0.5001', 'd': '0.3312', 'l': '0.1687'}",71,238,Aston Villa,Sheffield United,1,1,1.21861,0.646159,True,False,False
22072,True,"{'id': '81', 'title': 'West Ham', 'short_title': 'WHU'}","{'id': '89', 'title': 'Manchester United', 'short_title': 'MUN'}","{'h': '2', 'a': '0'}","{'h': '1.51468', 'a': '0.730496'}",2023-12-23 12:30:00,"{'w': '0.5925', 'd': '0.2598', 'l': '0.1477'}",81,89,West Ham,Manchester United,2,0,1.51468,0.730496,False,True,False
22067,True,"{'id': '228', 'title': 'Fulham', 'short_title': 'FLH'}","{'id': '92', 'title': 'Burnley', 'short_title': 'BUR'}","{'h': '0', 'a': '2'}","{'h': '1.38096', 'a': '0.41714'}",2023-12-23 15:00:00,"{'w': '0.6363', 'd': '0.2621', 'l': '0.1016'}",228,92,Fulham,Burnley,0,2,1.38096,0.41714,False,False,True
22069,True,"{'id': '256', 'title': 'Luton', 'short_title': 'LUT'}","{'id': '86', 'title': 'Newcastle United', 'short_title': 'NEW'}","{'h': '1', 'a': '0'}","{'h': '1.81844', 'a': '1.41488'}",2023-12-23 15:00:00,"{'w': '0.4862', 'd': '0.2508', 'l': '0.263'}",256,86,Luton,Newcastle United,1,0,1.81844,1.41488,False,True,False
22070,True,"{'id': '249', 'title': 'Nottingham Forest', 'short_title': 'NOT'}","{'id': '73', 'title': 'Bournemouth', 'short_title': 'BOU'}","{'h': '2', 'a': '3'}","{'h': '0.791806', 'a': '1.89067'}",2023-12-23 15:00:00,"{'w': '0.1303', 'd': '0.2073', 'l': '0.6624'}",249,73,Nottingham Forest,Bournemouth,2,3,0.791806,1.89067,False,False,True
22071,True,"{'id': '82', 'title': 'Tottenham', 'short_title': 'TOT'}","{'id': '72', 'title': 'Everton', 'short_title': 'EVE'}","{'h': '2', 'a': '1'}","{'h': '1.57527', 'a': '1.98385'}",2023-12-23 15:00:00,"{'w': '0.2879', 'd': '0.2354', 'l': '0.4767'}",82,72,Tottenham,Everton,2,1,1.57527,1.98385,False,True,False
22068,True,"{'id': '87', 'title': 'Liverpool', 'short_title': 'LIV'}","{'id': '83', 'title': 'Arsenal', 'short_title': 'ARS'}","{'h': '1', 'a': '1'}","{'h': '0.982901', 'a': '0.851681'}",2023-12-23 17:30:00,"{'w': '0.377', 'd': '0.3338', 'l': '0.2892'}",87,83,Liverpool,Arsenal,1,1,0.982901,0.851681,True,False,False
22073,True,"{'id': '229', 'title': 'Wolverhampton Wanderers', 'short_title': 'WOL'}","{'id': '80', 'title': 'Chelsea', 'short_title': 'CHE'}","{'h': '2', 'a': '1'}","{'h': '1.74626', 'a': '1.75447'}",2023-12-24 13:00:00,"{'w': '0.3603', 'd': '0.2626', 'l': '0.3771'}",229,80,Wolverhampton Wanderers,Chelsea,2,1,1.74626,1.75447,False,True,False
22083,True,"{'id': '86', 'title': 'Newcastle United', 'short_title': 'NEW'}","{'id': '249', 'title': 'Nottingham Forest', 'short_title': 'NOT'}","{'h': '1', 'a': '3'}","{'h': '2.79106', 'a': '3.1074'}",2023-12-26 12:30:00,"{'w': '0.3064', 'd': '0.2328', 'l': '0.4608'}",86,249,Newcastle United,Nottingham Forest,1,3,2.79106,3.1074,False,False,True
22075,True,"{'id': '73', 'title': 'Bournemouth', 'short_title': 'BOU'}","{'id': '228', 'title': 'Fulham', 'short_title': 'FLH'}","{'h': '3', 'a': '0'}","{'h': '2.07911', 'a': '0.324365'}",2023-12-26 15:00:00,"{'w': '0.8555', 'd': '0.1194', 'l': '0.0251'}",73,228,Bournemouth,Fulham,3,0,2.07911,0.324365,False,True,False
22084,True,"{'id': '238', 'title': 'Sheffield United', 'short_title': 'SHE'}","{'id': '256', 'title': 'Luton', 'short_title': 'LUT'}","{'h': '2', 'a': '3'}","{'h': '3.61788', 'a': '0.715575'}",2023-12-26 15:00:00,"{'w': '0.9422', 'd': '0.044', 'l': '0.0138'}",238,256,Sheffield United,Luton,2,3,3.61788,0.715575,False,False,True
22079,True,"{'id': '92', 'title': 'Burnley', 'short_title': 'BUR'}","{'id': '87', 'title': 'Liverpool', 'short_title': 'LIV'}","{'h': '0', 'a': '2'}","{'h': '0.972389', 'a': '1.68451'}",2023-12-26 17:30:00,"{'w': '0.1994', 'd': '0.2625', 'l': '0.5381'}",92,87,Burnley,Liverpool,0,2,0.972389,1.68451,False,False,True
22082,True,"{'id': '89', 'title': 'Manchester United', 'short_title': 'MUN'}","{'id': '71', 'title': 'Aston Villa', 'short_title': 'AVL'}","{'h': '3', 'a': '2'}","{'h': '1.20104', 'a': '1.83637'}",2023-12-26 20:00:00,"{'w': '0.1985', 'd': '0.2573', 'l': '0.5442'}",89,71,Manchester United,Aston Villa,3,2,1.20104,1.83637,False,True,False
22077,True,"{'id': '244', 'title': 'Brentford', 'short_title': 'BRE'}","{'id': '229', 'title': 'Wolverhampton Wanderers', 'short_title': 'WOL'}","{'h': '1', 'a': '4'}","{'h': '2.59347', 'a': '1.89483'}",2023-12-27 19:30:00,"{'w': '0.5428', 'd': '0.2254', 'l': '0.2318'}",244,229,Brentford,Wolverhampton Wanderers,1,4,2.59347,1.89483,False,False,True
22080,True,"{'id': '80', 'title': 'Chelsea', 'short_title': 'CHE'}","{'id': '78', 'title': 'Crystal Palace', 'short_title': 'CRY'}","{'h': '2', 'a': '1'}","{'h': '2.73005', 'a': '0.958077'}",2023-12-27 19:30:00,"{'w': '0.8078', 'd': '0.135', 'l': '0.0572'}",80,78,Chelsea,Crystal Palace,2,1,2.73005,0.958077,False,True,False
22081,True,"{'id': '72', 'title': 'Everton', 'short_title': 'EVE'}","{'id': '88', 'title': 'Manchester City', 'short_title': 'MCI'}","{'h': '1', 'a': '3'}","{'h': '1.23529', 'a': '2.28321'}",2023-12-27 20:15:00,"{'w': '0.1381', 'd': '0.2182', 'l': '0.6437'}",72,88,Everton,Manchester City,1,3,1.23529,2.28321,False,False,True
22078,True,"{'id': '220', 'title': 'Brighton', 'short_title': 'BRI'}","{'id': '82', 'title': 'Tottenham', 'short_title': 'TOT'}","{'h': '4', 'a': '2'}","{'h': '3.84702', 'a': '2.06955'}",2023-12-28 19:30:00,"{'w': '0.767', 'd': '0.1299', 'l': '0.1031'}",220,82,Brighton,Tottenham,4,2,3.84702,2.06955,False,True,False
22076,True,"{'id': '83', 'title': 'Arsenal', 'short_title': 'ARS'}","{'id': '81', 'title': 'West Ham', 'short_title': 'WHU'}","{'h': '0', 'a': '2'}","{'h': '2.7884', 'a': '1.59711'}",2023-12-28 20:15:00,"{'w': '0.6535', 'd': '0.2038', 'l': '0.1427'}",83,81,Arsenal,West Ham,0,2,2.7884,1.59711,False,False,True
22089,True,"{'id': '256', 'title': 'Luton', 'short_title': 'LUT'}","{'id': '80', 'title': 'Chelsea', 'short_title': 'CHE'}","{'h': '2', 'a': '3'}","{'h': '2.64093', 'a': '1.57463'}",2023-12-30 12:30:00,"{'w': '0.6595', 'd': '0.2081', 'l': '0.1324'}",256,80,Luton,Chelsea,2,3,2.64093,1.57463,False,False,True
22085,True,"{'id': '71', 'title': 'Aston Villa', 'short_title': 'AVL'}","{'id': '92', 'title': 'Burnley', 'short_title': 'BUR'}","{'h': '3', 'a': '2'}","{'h': '2.92587', 'a': '1.11923'}",2023-12-30 15:00:00,"{'w': '0.8066', 'd': '0.131', 'l': '0.0624'}",71,92,Aston Villa,Burnley,3,2,2.92587,1.11923,False,True,False
22086,True,"{'id': '78', 'title': 'Crystal Palace', 'short_title': 'CRY'}","{'id': '244', 'title': 'Brentford', 'short_title': 'BRE'}","{'h': '3', 'a': '1'}","{'h': '1.61057', 'a': '1.28731'}",2023-12-30 15:00:00,"{'w': '0.4365', 'd': '0.2865', 'l': '0.277'}",78,244,Crystal Palace,Brentford,3,1,1.61057,1.28731,False,True,False
22090,True,"{'id': '88', 'title': 'Manchester City', 'short_title': 'MCI'}","{'id': '238', 'title': 'Sheffield United', 'short_title': 'SHE'}","{'h': '2', 'a': '0'}","{'h': '2.24229', 'a': '0.263211'}",2023-12-30 15:00:00,"{'w': '0.9141', 'd': '0.0761', 'l': '0.0098'}",88,238,Manchester City,Sheffield United,2,0,2.24229,0.263211,False,True,False
22094,True,"{'id': '229', 'title': 'Wolverhampton Wanderers', 'short_title': 'WOL'}","{'id': '72', 'title': 'Everton', 'short_title': 'EVE'}","{'h': '3', 'a': '0'}","{'h': '2.64477', 'a': '0.519641'}",2023-12-30 15:00:00,"{'w': '0.916', 'd': '0.0694', 'l': '0.0146'}",229,72,Wolverhampton Wanderers,Everton,3,0,2.64477,0.519641,False,True,False
22091,True,"{'id': '249', 'title': 'Nottingham Forest', 'short_title': 'NOT'}","{'id': '89', 'title': 'Manchester United', 'short_title': 'MUN'}","{'h': '2', 'a': '1'}","{'h': '0.744348', 'a': '0.651905'}",2023-12-30 17:30:00,"{'w': '0.3432', 'd': '0.3817', 'l': '0.2751'}",249,89,Nottingham Forest,Manchester United,2,1,0.744348,0.651905,False,True,False
22087,True,"{'id': '228', 'title': 'Fulham', 'short_title': 'FLH'}","{'id': '83', 'title': 'Arsenal', 'short_title': 'ARS'}","{'h': '2', 'a': '1'}","{'h': '1.52829', 'a': '1.6591'}",2023-12-31 14:00:00,"{'w': '0.3212', 'd': '0.286', 'l': '0.3928'}",228,83,Fulham,Arsenal,2,1,1.52829,1.6591,False,True,False
22092,True,"{'id': '82', 'title': 'Tottenham', 'short_title': 'TOT'}","{'id': '73', 'title': 'Bournemouth', 'short_title': 'BOU'}","{'h': '3', 'a': '1'}","{'h': '2.15027', 'a': '1.58229'}",2023-12-31 14:00:00,"{'w': '0.5177', 'd': '0.2287', 'l': '0.2536'}",82,73,Tottenham,Bournemouth,3,1,2.15027,1.58229,False,True,False
22088,True,"{'id': '87', 'title': 'Liverpool', 'short_title': 'LIV'}","{'id': '86', 'title': 'Newcastle United', 'short_title': 'NEW'}","{'h': '4', 'a': '2'}","{'h': '6.67151', 'a': '0.910974'}",2024-01-01 19:00:00,"{'w': '0.9981', 'd': '0.0015', 'l': '0.0004'}",87,86,Liverpool,Newcastle United,4,2,6.67151,0.910974,False,True,False
22093,True,"{'id': '81', 'title': 'West Ham', 'short_title': 'WHU'}","{'id': '220', 'title': 'Brighton', 'short_title': 'BRI'}","{'h': '0', 'a': '0'}","{'h': '0.9831', 'a': '2.1552'}",2024-01-02 18:30:00,"{'w': '0.1215', 'd': '0.2187', 'l': '0.6598'}",81,220,West Ham,Brighton,0,0,0.9831,2.1552,True,False,False
22096,True,"{'id': '92', 'title': 'Burnley', 'short_title': 'BUR'}","{'id': '256', 'title': 'Luton', 'short_title': 'LUT'}","{'h': '1', 'a': '1'}","{'h': '1.52023', 'a': '0.965167'}",2024-01-12 19:45:00,"{'w': '0.514', 'd': '0.2735', 'l': '0.2125'}",92,256,Burnley,Luton,1,1,1.52023,0.965167,True,False,False
22097,True,"{'id': '80', 'title': 'Chelsea', 'short_title': 'CHE'}","{'id': '228', 'title': 'Fulham', 'short_title': 'FLH'}","{'h': '1', 'a': '0'}","{'h': '2.0456', 'a': '0.697847'}",2024-01-13 12:30:00,"{'w': '0.7466', 'd': '0.1756', 'l': '0.0778'}",80,228,Chelsea,Fulham,1,0,2.0456,0.697847,False,True,False
22100,True,"{'id': '86', 'title': 'Newcastle United', 'short_title': 'NEW'}","{'id': '88', 'title': 'Manchester City', 'short_title': 'MCI'}","{'h': '2', 'a': '3'}","{'h': '1.23638', 'a': '2.55452'}",2024-01-13 17:30:00,"{'w': '0.1202', 'd': '0.1796', 'l': '0.7002'}",86,88,Newcastle United,Manchester City,2,3,1.23638,2.55452,False,False,True
22098,True,"{'id': '72', 'title': 'Everton', 'short_title': 'EVE'}","{'id': '71', 'title': 'Aston Villa', 'short_title': 'AVL'}","{'h': '0', 'a': '0'}","{'h': '1.03664', 'a': '1.3435'}",2024-01-14 14:00:00,"{'w': '0.2719', 'd': '0.3045', 'l': '0.4236'}",72,71,Everton,Aston Villa,0,0,1.03664,1.3435,True,False,False
22099,True,"{'id': '89', 'title': 'Manchester United', 'short_title': 'MUN'}","{'id': '82', 'title': 'Tottenham', 'short_title': 'TOT'}","{'h': '2', 'a': '2'}","{'h': '0.923233', 'a': '1.31224'}",2024-01-14 16:30:00,"{'w': '0.2351', 'd': '0.3057', 'l': '0.4592'}",89,82,Manchester United,Tottenham,2,2,0.923233,1.31224,True,False,False
22103,True,"{'id': '83', 'title': 'Arsenal', 'short_title': 'ARS'}","{'id': '78', 'title': 'Crystal Palace', 'short_title': 'CRY'}","{'h': '5', 'a': '0'}","{'h': '3.52167', 'a': '0.288083'}",2024-01-20 12:30:00,"{'w': '0.967', 'd': '0.029', 'l': '0.004'}",83,78,Arsenal,Crystal Palace,5,0,3.52167,0.288083,False,True,False
22104,True,"{'id': '244', 'title': 'Brentford', 'short_title': 'BRE'}","{'id': '249', 'title': 'Nottingham Forest', 'short_title': 'NOT'}","{'h': '3', 'a': '2'}","{'h': '1.94219', 'a': '1.22251'}",2024-01-20 17:30:00,"{'w': '0.5612', 'd': '0.2428', 'l': '0.196'}",244,249,Brentford,Nottingham Forest,3,2,1.94219,1.22251,False,True,False
22101,True,"{'id': '238', 'title': 'Sheffield United', 'short_title': 'SHE'}","{'id': '81', 'title': 'West Ham', 'short_title': 'WHU'}","{'h': '2', 'a': '2'}","{'h': '2.61362', 'a': '2.4241'}",2024-01-21 14:00:00,"{'w': '0.4271', 'd': '0.2342', 'l': '0.3387'}",238,81,Sheffield United,West Ham,2,2,2.61362,2.4241,True,False,False
22102,True,"{'id': '73', 'title': 'Bournemouth', 'short_title': 'BOU'}","{'id': '87', 'title': 'Liverpool', 'short_title': 'LIV'}","{'h': '0', 'a': '4'}","{'h': '0.834585', 'a': '1.53344'}",2024-01-21 16:30:00,"{'w': '0.1701', 'd': '0.2667', 'l': '0.5632'}",73,87,Bournemouth,Liverpool,0,4,0.834585,1.53344,False,False,True
22095,True,"{'id': '220', 'title': 'Brighton', 'short_title': 'BRI'}","{'id': '229', 'title': 'Wolverhampton Wanderers', 'short_title': 'WOL'}","{'h': '0', 'a': '0'}","{'h': '1.3701', 'a': '1.14116'}",2024-01-22 19:45:00,"{'w': '0.3979', 'd': '0.3324', 'l': '0.2697'}",220,229,Brighton,Wolverhampton Wanderers,0,0,1.3701,1.14116,True,False,False
22108,True,"{'id': '249', 'title': 'Nottingham Forest', 'short_title': 'NOT'}","{'id': '83', 'title': 'Arsenal', 'short_title': 'ARS'}","{'h': '1', 'a': '2'}","{'h': '0.631618', 'a': '1.39143'}",2024-01-30 19:30:00,"{'w': '0.1572', 'd': '0.2831', 'l': '0.5597'}",249,83,Nottingham Forest,Arsenal,1,2,0.631618,1.39143,False,False,True
22106,True,"{'id': '228', 'title': 'Fulham', 'short_title': 'FLH'}","{'id': '72', 'title': 'Everton', 'short_title': 'EVE'}","{'h': '0', 'a': '0'}","{'h': '2.37499', 'a': '2.83317'}",2024-01-30 19:45:00,"{'w': '0.308', 'd': '0.2134', 'l': '0.4786'}",228,72,Fulham,Everton,0,0,2.37499,2.83317,True,False,False
22107,True,"{'id': '256', 'title': 'Luton', 'short_title': 'LUT'}","{'id': '220', 'title': 'Brighton', 'short_title': 'BRI'}","{'h': '4', 'a': '0'}","{'h': '3.63312', 'a': '1.01366'}",2024-01-30 19:45:00,"{'w': '0.9284', 'd': '0.0547', 'l': '0.0169'}",256,220,Luton,Brighton,4,0,3.63312,1.01366,False,True,False
22112,True,"{'id': '78', 'title': 'Crystal Palace', 'short_title': 'CRY'}","{'id': '238', 'title': 'Sheffield United', 'short_title': 'SHE'}","{'h': '3', 'a': '2'}","{'h': '1.1601', 'a': '0.768467'}",2024-01-30 20:00:00,"{'w': '0.4684', 'd': '0.3204', 'l': '0.2112'}",78,238,Crystal Palace,Sheffield United,3,2,1.1601,0.768467,False,True,False
22105,True,"{'id': '71', 'title': 'Aston Villa', 'short_title': 'AVL'}","{'id': '86', 'title': 'Newcastle United', 'short_title': 'NEW'}","{'h': '1', 'a': '3'}","{'h': '1.44485', 'a': '3.3224'}",2024-01-30 20:15:00,"{'w': '0.0747', 'd': '0.1228', 'l': '0.8025'}",71,86,Aston Villa,Newcastle United,1,3,1.44485,3.3224,False,False,True
22109,True,"{'id': '82', 'title': 'Tottenham', 'short_title': 'TOT'}","{'id': '244', 'title': 'Brentford', 'short_title': 'BRE'}","{'h': '3', 'a': '2'}","{'h': '3.36194', 'a': '1.59637'}",2024-01-31 19:30:00,"{'w': '0.7778', 'd': '0.1393', 'l': '0.0829'}",82,244,Tottenham,Brentford,3,2,3.36194,1.59637,False,True,False
22114,True,"{'id': '88', 'title': 'Manchester City', 'short_title': 'MCI'}","{'id': '92', 'title': 'Burnley', 'short_title': 'BUR'}","{'h': '3', 'a': '1'}","{'h': '1.84756', 'a': '1.49114'}",2024-01-31 19:30:00,"{'w': '0.45', 'd': '0.2838', 'l': '0.2662'}",88,92,Manchester City,Burnley,3,1,1.84756,1.49114,False,True,False
22113,True,"{'id': '87', 'title': 'Liverpool', 'short_title': 'LIV'}","{'id': '80', 'title': 'Chelsea', 'short_title': 'CHE'}","{'h': '4', 'a': '1'}","{'h': '3.6627', 'a': '0.477972'}",2024-01-31 20:15:00,"{'w': '0.9634', 'd': '0.0301', 'l': '0.0065'}",87,80,Liverpool,Chelsea,4,1,3.6627,0.477972,False,True,False
